,iter,rank,time_train,time_hr,error,hr1_valid,hr1_test,hr3_valid,hr3_test,hr10_valid,hr10_test,mrr_valid,mrr_test
1,2.0,2.0,0.4104037284851074,22.195525646209717,0.9977750689775803,0.001,0.001,0.008,0.004,0.015,0.011,0.005406681486634965,0.003768066030163943
2,2.0,4.0,0.4926633834838867,20.769506216049194,0.9948740458929036,0.003,0.001,0.01,0.006,0.021,0.012,0.008421119784635256,0.0047668226983496025
3,2.0,6.0,0.3371868133544922,22.169065952301025,0.9927159108717327,0.006,0.001,0.012,0.008,0.024,0.017,0.010898843655739902,0.006119137460338383
4,2.0,8.0,0.3571598529815674,20.14840841293335,0.9904602468625263,0.004,0.004,0.007,0.005,0.015,0.015,0.007748599209246429,0.00690024085130758
5,2.0,10.0,0.3858826160430908,20.24248766899109,0.9896783933227005,0.003,0.003,0.008,0.006,0.02,0.014,0.008568221427620107,0.007604870211109814
6,2.0,12.0,0.40778040885925293,21.44496774673462,0.9869739959977714,0.009,0.004,0.012,0.006,0.023,0.013,0.013446143130478271,0.006953483031174038
7,2.0,14.0,0.44837069511413574,23.36992835998535,0.9862242566242073,0.003,0.006,0.008,0.01,0.02,0.023,0.0090081108574177,0.011523121194614926
8,2.0,16.0,0.4536783695220947,20.544073820114136,0.9838110994831537,0.008,0.003,0.011,0.008,0.018,0.019,0.011119971379745944,0.008189471536583214
9,2.0,18.0,0.48255300521850586,22.277065992355347,0.9839974321171261,0.001,0.005,0.012,0.01,0.019,0.019,0.008405413452039325,0.01020326031234771
10,2.0,20.0,0.49182963371276855,22.64548134803772,0.9809476664858037,0.004,0.0,0.013,0.005,0.031,0.013,0.01180727144422359,0.004963427592647569
11,2.0,22.0,0.5381269454956055,22.168412685394287,0.9816322254517182,0.001,0.002,0.009,0.006,0.014,0.013,0.006751578758174759,0.006537976504944031
12,2.0,24.0,0.6501243114471436,23.131702661514282,0.9784708837540793,0.007,0.007,0.011,0.009,0.02,0.019,0.011071230874112917,0.011065634804042834
13,2.0,26.0,0.5724854469299316,23.134268522262573,0.978555718618081,0.009,0.01,0.019,0.02,0.035,0.036,0.018027802523023426,0.018124936655744665
14,2.0,28.0,0.5993099212646484,24.5397789478302,0.9777680467606488,0.007,0.004,0.015,0.009,0.021,0.018,0.012434699737969348,0.00897581970046256
15,2.0,30.0,0.628258228302002,25.193833112716675,0.9778141725641001,0.005,0.005,0.009,0.009,0.022,0.023,0.01038684828975526,0.01108001491431199
16,2.0,32.0,0.6165106296539307,24.019947290420532,0.9761342014014596,0.008,0.005,0.014,0.007,0.018,0.015,0.012486335120696085,0.008619604921668654
17,2.0,34.0,0.6503808498382568,24.855271339416504,0.9752390798820892,0.006,0.003,0.011,0.008,0.025,0.023,0.011281009591811164,0.009209367810912281
18,2.0,36.0,0.6653900146484375,25.766786575317383,0.9725683419170447,0.012,0.005,0.016,0.008,0.034,0.021,0.017584308204348083,0.009497265026582094
19,2.0,38.0,0.6994454860687256,25.103123664855957,0.9739048514761424,0.01,0.005,0.013,0.007,0.023,0.022,0.014871886004473946,0.00997758079792296
20,2.0,40.0,0.7042183876037598,24.958902597427368,0.9733941257845352,0.007,0.008,0.015,0.011,0.025,0.025,0.013657030324183562,0.013283763957091039
21,2.0,42.0,0.7654614448547363,26.039321899414062,0.9719891111550416,0.007,0.011,0.013,0.016,0.028,0.022,0.01356697586741626,0.016123211886764403
22,2.0,44.0,0.7745742797851562,26.045924425125122,0.9708885920282847,0.005,0.002,0.01,0.009,0.021,0.021,0.010972655050477283,0.008499245160732865
23,2.0,46.0,0.8004848957061768,26.328879833221436,0.9718993031362272,0.006,0.01,0.011,0.015,0.023,0.024,0.011740607446933893,0.015347184728098486
24,2.0,48.0,0.8452520370483398,26.92949867248535,0.970036361712753,0.011,0.005,0.015,0.011,0.028,0.026,0.016892662648322256,0.011991630619626818
25,2.0,50.0,0.8328797817230225,27.603301763534546,0.9695149563801404,0.007,0.007,0.015,0.01,0.023,0.03,0.01263163528598389,0.013841440704743965
26,2.0,52.0,1.1313986778259277,27.32497787475586,0.9697591100812154,0.003,0.003,0.011,0.008,0.024,0.029,0.009904674108588717,0.00948138198976016
27,2.0,54.0,0.8940248489379883,27.375170707702637,0.9687326407559093,0.008,0.009,0.019,0.014,0.028,0.033,0.016062212613227288,0.016337567848776897
28,2.0,56.0,1.0381138324737549,27.87775230407715,0.9686899029613759,0.002,0.005,0.012,0.016,0.031,0.034,0.011470554097713942,0.014335858788388117
29,2.0,58.0,1.1185429096221924,29.304014921188354,0.9669119560165967,0.006,0.009,0.013,0.021,0.024,0.032,0.013243794238141676,0.017875006571019855
30,2.0,60.0,1.1323792934417725,29.244585275650024,0.9657181880659499,0.007,0.009,0.015,0.02,0.031,0.041,0.014722751098653399,0.018900332624091454
31,2.0,62.0,1.011052131652832,29.692960500717163,0.966145273217512,0.006,0.009,0.018,0.014,0.035,0.028,0.01546779248351902,0.015607629855741129
32,2.0,64.0,0.9954488277435303,28.926015615463257,0.9645891187224925,0.01,0.003,0.014,0.006,0.028,0.025,0.015758029982477842,0.009455556828738651
33,2.0,66.0,1.0336971282958984,29.671407461166382,0.9659873871786734,0.009,0.007,0.016,0.012,0.03,0.027,0.01605230268646454,0.014601073980223735
34,2.0,68.0,1.0671823024749756,31.085254430770874,0.9621719867266497,0.003,0.006,0.009,0.012,0.028,0.025,0.010080113923391507,0.012461959718451937
35,2.0,70.0,1.1271686553955078,30.502660036087036,0.9601744717626562,0.01,0.008,0.018,0.014,0.033,0.032,0.017910768164792756,0.015155348663305852
36,2.0,72.0,1.0856256484985352,30.16990351676941,0.9658297356263221,0.007,0.007,0.01,0.012,0.028,0.034,0.012724498366269705,0.014924599159405503
37,2.0,74.0,1.457855463027954,31.292166471481323,0.9608432963617028,0.01,0.004,0.018,0.014,0.03,0.027,0.017741715057821537,0.012524973459596248
38,2.0,76.0,1.1883800029754639,31.751471996307373,0.9603537517292661,0.007,0.009,0.02,0.013,0.03,0.03,0.01620137855300435,0.01496697990961235
39,2.0,78.0,1.2471232414245605,32.26402449607849,0.9624591159993588,0.006,0.003,0.018,0.011,0.027,0.02,0.015054224721934833,0.010011094344013982
40,2.0,80.0,1.1972272396087646,32.43708252906799,0.9620018442719381,0.018,0.016,0.028,0.023,0.037,0.033,0.025047575485181023,0.022165185916144643
41,2.0,82.0,1.2866768836975098,32.458510875701904,0.9595494370140595,0.008,0.015,0.021,0.021,0.029,0.029,0.0171005496312926,0.02157345860671264
42,2.0,84.0,1.297534704208374,33.43141841888428,0.9588933508498343,0.005,0.004,0.017,0.013,0.022,0.03,0.01305074936642816,0.012604365320396809
43,2.0,86.0,1.3177111148834229,33.911837577819824,0.9589404979995548,0.008,0.01,0.017,0.021,0.03,0.034,0.016175904079710528,0.019380785363725356
44,2.0,88.0,1.4683055877685547,33.23481035232544,0.9571439435314268,0.01,0.014,0.016,0.026,0.032,0.039,0.017484301365195694,0.022716112816911365
45,2.0,90.0,1.3787240982055664,33.98548245429993,0.9597927831181169,0.007,0.012,0.016,0.02,0.03,0.035,0.01563017811548259,0.01945846159394484
46,2.0,92.0,1.4106602668762207,34.36412239074707,0.9596807490169307,0.006,0.01,0.016,0.016,0.028,0.04,0.01414681431124375,0.018329550454760046
47,2.0,94.0,1.4991555213928223,35.79639792442322,0.9589656106824264,0.015,0.015,0.021,0.019,0.039,0.031,0.022665197429868108,0.02102644126474534
48,2.0,96.0,1.498985767364502,34.59495568275452,0.9595102985138938,0.011,0.011,0.021,0.021,0.028,0.036,0.01853696530526769,0.019582133904210815
49,2.0,98.0,1.5578138828277588,36.43155860900879,0.9574931630366071,0.009,0.011,0.018,0.017,0.029,0.027,0.016567990227289945,0.01811646195806954
50,2.0,100.0,1.56793212890625,35.83053731918335,0.9589599668275848,0.013,0.014,0.017,0.019,0.033,0.037,0.01891170330479398,0.02109258948926613
51,2.0,102.0,1.677844524383545,37.535534620285034,0.9572780285971199,0.009,0.005,0.017,0.018,0.038,0.039,0.018297631419526287,0.016311441663450124
52,2.0,104.0,1.5659887790679932,40.26750707626343,0.9586004998938276,0.013,0.009,0.022,0.023,0.034,0.046,0.02074875357088764,0.020562499004680643
53,2.0,106.0,1.7779598236083984,37.07339787483215,0.9573423022534147,0.01,0.011,0.026,0.019,0.039,0.043,0.021046632117923212,0.020478374993348508
54,2.0,108.0,1.6052746772766113,37.488418102264404,0.955764237488975,0.012,0.014,0.019,0.024,0.028,0.039,0.019132035623211394,0.023037926315789926
55,2.0,110.0,2.07505464553833,37.90110158920288,0.9554805421417648,0.016,0.016,0.027,0.029,0.043,0.044,0.026133932906148485,0.02648549494664749
56,2.0,112.0,1.6165966987609863,38.55097150802612,0.9513640425500722,0.019,0.013,0.024,0.019,0.032,0.038,0.025122690067217932,0.021249038180482523
57,2.0,114.0,2.184396982192993,38.704875230789185,0.9565447973531743,0.012,0.008,0.018,0.02,0.032,0.03,0.01844301148688751,0.016102821812813993
58,2.0,116.0,2.0123908519744873,38.81771373748779,0.9535902530063094,0.008,0.009,0.014,0.015,0.023,0.03,0.015073169589177825,0.016507458905352195
59,2.0,118.0,1.9594287872314453,40.01759338378906,0.9554094165783453,0.01,0.006,0.018,0.016,0.031,0.032,0.017587611030398288,0.01587824470354455
60,2.0,120.0,1.9900298118591309,39.32213091850281,0.9555896079579259,0.009,0.017,0.024,0.028,0.037,0.042,0.01910215960752142,0.025330666308882907
61,2.0,122.0,2.085455894470215,40.22929286956787,0.9544139593459402,0.012,0.016,0.025,0.024,0.039,0.037,0.021207094612127712,0.02456036973432287
62,2.0,124.0,2.2148098945617676,40.94123435020447,0.9532232243192804,0.009,0.012,0.015,0.023,0.027,0.037,0.016028681006326893,0.021389301246740676
63,2.0,126.0,2.133303165435791,40.86520838737488,0.9526076573975366,0.006,0.009,0.015,0.021,0.038,0.036,0.015629204956543918,0.018737236731438928
64,2.0,128.0,1.991281270980835,41.76605415344238,0.9541206897122101,0.015,0.009,0.022,0.017,0.033,0.039,0.022140016145247906,0.01787726533201219
65,2.0,130.0,2.3195483684539795,41.730122327804565,0.952376103786535,0.015,0.016,0.024,0.023,0.041,0.042,0.024053697040276635,0.02473027379276483
66,2.0,132.0,2.5523080825805664,48.851744413375854,0.9521828209586889,0.015,0.015,0.022,0.03,0.032,0.044,0.022312834778707918,0.025781571866525584
67,2.0,134.0,2.355682849884033,43.08632230758667,0.9509519033693367,0.01,0.016,0.018,0.023,0.028,0.038,0.017910573028833504,0.024008943539634606
68,2.0,136.0,2.1823508739471436,49.05131649971008,0.9513247317901832,0.014,0.016,0.018,0.029,0.034,0.046,0.020711777878765592,0.026661041326696285
69,2.0,138.0,2.736682891845703,43.37808871269226,0.9505656096256385,0.012,0.014,0.023,0.025,0.029,0.041,0.02001263316066635,0.02285255903479018
70,2.0,140.0,2.4685471057891846,50.674766063690186,0.9490183559385186,0.017,0.016,0.024,0.025,0.043,0.042,0.025247236669215783,0.025130335182312263
71,2.0,142.0,2.56017804145813,44.974881172180176,0.9524839193389245,0.008,0.01,0.021,0.021,0.035,0.036,0.018442454849187877,0.02044383905110224
72,2.0,144.0,2.7130422592163086,50.72696876525879,0.9485990260244436,0.02,0.015,0.028,0.028,0.047,0.043,0.028791021104304485,0.024744192787277568
73,2.0,146.0,2.848252534866333,45.79405212402344,0.9498409581238572,0.013,0.017,0.024,0.031,0.04,0.046,0.022627341809901693,0.027110230935343017
74,2.0,148.0,2.7048795223236084,52.581762075424194,0.9475920400296024,0.012,0.018,0.018,0.028,0.033,0.047,0.019488356045126384,0.02764688486487326
75,2.0,150.0,2.6344428062438965,46.263450384140015,0.950015811311208,0.011,0.015,0.022,0.021,0.031,0.037,0.01946146353038487,0.02313697855650753
76,2.0,152.0,2.4794182777404785,52.842426776885986,0.9504317809981175,0.008,0.013,0.019,0.022,0.03,0.03,0.01656431270095516,0.019814910350855464
77,2.0,154.0,2.9780664443969727,46.58193397521973,0.9484042992251543,0.014,0.015,0.026,0.03,0.039,0.043,0.023639463047165257,0.026389561348515042
78,2.0,156.0,2.819305181503296,53.61798071861267,0.9488494331745351,0.012,0.017,0.021,0.03,0.039,0.042,0.02052632314294958,0.026617844509538163
79,2.0,158.0,3.016390323638916,47.34622597694397,0.9459735922716488,0.013,0.013,0.021,0.025,0.039,0.039,0.021652215499120126,0.023024167281480344
80,2.0,160.0,2.796107769012451,55.40189504623413,0.9477562588742362,0.009,0.017,0.017,0.031,0.032,0.047,0.017094500119722644,0.028307058223639207
81,2.0,162.0,2.8579819202423096,48.10158824920654,0.94745964864151,0.019,0.022,0.028,0.029,0.041,0.039,0.026733144759570532,0.029103624940217142
82,2.0,164.0,2.719437599182129,55.606810569763184,0.9470653601065974,0.013,0.021,0.021,0.024,0.038,0.036,0.021043868537419793,0.026716397740804115
83,2.0,166.0,3.1855568885803223,49.18323016166687,0.9466412932648025,0.009,0.014,0.021,0.025,0.033,0.034,0.018424430889098776,0.02290995175115743
84,2.0,168.0,3.007211923599243,56.31116485595703,0.9452930976030549,0.015,0.013,0.021,0.026,0.027,0.043,0.021210296655181503,0.023298489242903384
85,2.0,170.0,2.9698667526245117,49.99351978302002,0.943673322196313,0.015,0.016,0.024,0.028,0.04,0.043,0.023281092545221368,0.025154133587622838
86,2.0,172.0,2.8265583515167236,58.177459955215454,0.9463718996900643,0.023,0.023,0.029,0.031,0.041,0.047,0.02986781355294833,0.03113244744837816
87,2.0,174.0,3.178142786026001,50.49521565437317,0.9459423600876782,0.016,0.016,0.024,0.021,0.035,0.04,0.023920942167467096,0.02359506541498684
88,2.0,176.0,2.871534824371338,58.44034767150879,0.945079393536184,0.018,0.017,0.03,0.025,0.044,0.043,0.02747741784248225,0.026055806336239336
89,2.0,178.0,3.448167085647583,50.95849823951721,0.9474656124721095,0.012,0.021,0.022,0.034,0.033,0.045,0.02073256730020907,0.030417508111712666
90,2.0,180.0,3.314993381500244,58.322630167007446,0.9463447188647907,0.017,0.024,0.024,0.031,0.039,0.041,0.02467658860388149,0.03064178815093406
91,2.0,182.0,3.1914985179901123,51.95249891281128,0.9427306554357809,0.016,0.022,0.023,0.032,0.036,0.045,0.02358848916146268,0.030142517224984875
92,2.0,184.0,3.2609150409698486,52.74263668060303,0.9447247574363212,0.02,0.015,0.026,0.034,0.046,0.047,0.02804618189167082,0.027680893133409712
93,2.0,186.0,3.3433849811553955,52.6789436340332,0.9455861670406562,0.017,0.019,0.026,0.029,0.045,0.05,0.0265114165782892,0.02854469225049465
94,2.0,188.0,3.251025676727295,52.98938989639282,0.942489535766141,0.016,0.021,0.024,0.03,0.037,0.045,0.02409400164738456,0.029277012670578327
95,2.0,190.0,3.648042917251587,53.47797203063965,0.9429721161138169,0.014,0.016,0.019,0.025,0.032,0.042,0.021341048528269957,0.025267701119265962
96,2.0,192.0,3.5384089946746826,62.10227704048157,0.9427863070431215,0.009,0.012,0.018,0.024,0.03,0.034,0.01773610686249694,0.021636079668639535
97,2.0,194.0,3.5120837688446045,54.49816417694092,0.9437964696499286,0.01,0.017,0.021,0.029,0.034,0.042,0.019667453405848558,0.026373666323166692
98,2.0,196.0,3.3102784156799316,55.33421349525452,0.9426267674587512,0.017,0.019,0.025,0.027,0.036,0.036,0.024336686509208547,0.026513141415613832
99,2.0,198.0,3.613358497619629,55.52268171310425,0.94253784619408,0.017,0.012,0.022,0.024,0.043,0.044,0.024442681990683442,0.02313028626999752
100,2.0,200.0,3.405409574508667,54.647794008255005,0.9400603973817993,0.011,0.022,0.02,0.034,0.035,0.048,0.01949427742456103,0.03225483182761836
101,2.0,202.0,3.5197975635528564,56.29230785369873,0.9419923184465764,0.018,0.016,0.028,0.03,0.043,0.043,0.026583715991537277,0.026399353943215718
102,2.0,204.0,3.7627296447753906,56.55646014213562,0.9430866784476786,0.012,0.016,0.026,0.031,0.038,0.041,0.022622843170500773,0.025673529844421023
103,2.0,206.0,3.8129260540008545,57.20376229286194,0.944681869548512,0.006,0.014,0.018,0.023,0.034,0.038,0.016268988209478672,0.023315917420490755
104,2.0,208.0,3.7449135780334473,56.92680859565735,0.9402760379845352,0.015,0.018,0.025,0.033,0.039,0.05,0.02436782013100492,0.029645236681141263
105,2.0,210.0,3.9066805839538574,57.14674520492554,0.940717401527505,0.021,0.023,0.032,0.038,0.046,0.048,0.030174891232284763,0.033934198108669184
106,2.0,212.0,3.9097843170166016,58.02527952194214,0.9413643207793413,0.008,0.02,0.022,0.028,0.035,0.044,0.019066918622517838,0.028276064812136906
107,2.0,214.0,3.897858142852783,57.85073113441467,0.9409354468018273,0.022,0.021,0.031,0.032,0.043,0.058,0.03073501031489856,0.03334505033056093
108,2.0,216.0,4.013510704040527,57.812583446502686,0.9398015741341275,0.018,0.02,0.03,0.035,0.04,0.052,0.02737582116914758,0.03156279323680103
109,2.0,218.0,3.9770123958587646,58.64220666885376,0.9399993607993902,0.014,0.017,0.022,0.028,0.036,0.045,0.022695765933050182,0.026538853159564713
110,2.0,220.0,4.105652570724487,59.81752824783325,0.9397953048927741,0.019,0.02,0.023,0.025,0.041,0.042,0.026319708763690854,0.02782047548854048
111,2.0,222.0,3.9297561645507812,60.33689856529236,0.9404774339936792,0.014,0.02,0.027,0.03,0.048,0.04,0.024961676012327457,0.028646538876154003
112,2.0,224.0,4.134326219558716,60.32063937187195,0.9370867207516785,0.021,0.026,0.029,0.039,0.044,0.054,0.029374248575743278,0.0363670629184414
113,2.0,226.0,4.172276973724365,60.231356143951416,0.939206559975762,0.019,0.016,0.032,0.032,0.044,0.05,0.028449743654294677,0.0278914789159108
114,2.0,228.0,4.248484134674072,60.615904808044434,0.9380895537064825,0.012,0.021,0.02,0.031,0.031,0.046,0.01987829337479907,0.03012351837377262
115,2.0,230.0,4.3242340087890625,61.70680522918701,0.9399728321393598,0.011,0.019,0.02,0.034,0.032,0.053,0.019461584972088868,0.02989596693056931
116,2.0,232.0,4.296231985092163,61.74721050262451,0.9394003441855994,0.018,0.02,0.025,0.034,0.032,0.045,0.024673191133751337,0.03027663990394676
117,2.0,234.0,4.40094780921936,62.54633069038391,0.9380175022673286,0.018,0.024,0.027,0.033,0.046,0.05,0.026925213731508055,0.033175957055293095
118,2.0,236.0,4.562431812286377,62.01066875457764,0.937078143815773,0.015,0.021,0.034,0.035,0.046,0.05,0.027297367962798243,0.03270550514987981
119,2.0,238.0,4.47435736656189,63.90796184539795,0.9382600127556473,0.012,0.018,0.026,0.03,0.035,0.04,0.02262150378163535,0.026800913284199732
120,2.0,240.0,4.470047473907471,63.52452206611633,0.9377984283187832,0.014,0.017,0.025,0.029,0.04,0.046,0.023618122505476347,0.028314283862855474
121,2.0,242.0,4.557277679443359,63.13481664657593,0.9379598669231106,0.023,0.023,0.028,0.033,0.043,0.054,0.030368044541152887,0.033309992543594694
122,2.0,244.0,4.496960639953613,63.75499415397644,0.9358875618687021,0.021,0.025,0.027,0.034,0.042,0.045,0.02898991846048097,0.033661160939677
123,2.0,246.0,4.628826856613159,65.17053747177124,0.9370971713375121,0.022,0.024,0.034,0.035,0.049,0.051,0.03160778176611636,0.03383530577900976
124,2.0,248.0,4.561510801315308,64.88330078125,0.9362302170326828,0.012,0.013,0.023,0.029,0.04,0.049,0.022462423222007456,0.026176672635243897
125,2.0,250.0,4.694587469100952,66.08895373344421,0.9364859745071394,0.015,0.027,0.023,0.035,0.039,0.052,0.023873418261975483,0.036263747978656766
126,2.0,252.0,4.798755884170532,65.97979855537415,0.9368703004290394,0.016,0.02,0.029,0.027,0.043,0.044,0.02633349321282118,0.02770149554296687
127,2.0,254.0,4.839245796203613,66.31843304634094,0.9385908822308485,0.018,0.022,0.028,0.034,0.041,0.056,0.027064911437631702,0.03328465201000522
128,2.0,256.0,4.804318189620972,65.75349354743958,0.93832725653535,0.025,0.024,0.034,0.038,0.053,0.055,0.033921789705353214,0.03543036548595353
129,2.0,258.0,4.934864282608032,67.00506234169006,0.9360005727121404,0.012,0.021,0.026,0.036,0.041,0.05,0.023501965858218173,0.03143004243426737
130,2.0,260.0,4.904555320739746,67.37929511070251,0.9351843735773375,0.02,0.025,0.03,0.037,0.047,0.046,0.02957385612319099,0.033786283472914104
131,2.0,262.0,5.04713249206543,68.09422945976257,0.9340492593648171,0.018,0.018,0.033,0.033,0.044,0.054,0.027610762424087682,0.02991858728955173
132,2.0,264.0,5.038072347640991,68.73050785064697,0.9337993086802414,0.014,0.019,0.03,0.036,0.044,0.051,0.02606133272917094,0.030532350109154345
133,2.0,266.0,5.22621750831604,68.40532803535461,0.9327800323422186,0.018,0.022,0.026,0.042,0.041,0.052,0.027072371337838807,0.03527864109600434
134,2.0,268.0,5.198235511779785,68.83850979804993,0.9334916531122437,0.014,0.02,0.025,0.031,0.045,0.046,0.024347409780497854,0.0293776811585031
135,2.0,270.0,5.540791988372803,70.40598011016846,0.9361522315676172,0.019,0.022,0.032,0.034,0.04,0.05,0.028852444212669918,0.03278252900158577
136,2.0,272.0,5.296933889389038,70.4079122543335,0.9352939994388909,0.016,0.026,0.033,0.035,0.048,0.049,0.028696596061833453,0.034603194186203994
137,2.0,274.0,5.365082740783691,70.36660647392273,0.9334958801954072,0.022,0.023,0.029,0.035,0.04,0.048,0.029206324446256406,0.033469719122452196
138,2.0,276.0,5.355985403060913,71.25325560569763,0.9355979256226842,0.02,0.019,0.029,0.036,0.047,0.05,0.029423628231669805,0.0321356656382716
139,2.0,278.0,5.454390048980713,72.11925268173218,0.9323601918007078,0.021,0.021,0.033,0.032,0.053,0.049,0.03199382807279618,0.03174200456682187
140,2.0,280.0,5.384735345840454,71.13952803611755,0.9337587043475618,0.019,0.028,0.03,0.042,0.043,0.057,0.028057659036761863,0.03900158672393018
141,2.0,282.0,5.534603834152222,72.59347867965698,0.9318517373078321,0.025,0.026,0.042,0.035,0.052,0.05,0.03725024797592058,0.0353071693402634
142,2.0,284.0,5.6087470054626465,72.25132942199707,0.9324399502120306,0.019,0.026,0.033,0.035,0.046,0.047,0.029547638198003476,0.03397604256244533
143,2.0,286.0,5.707897663116455,72.71971297264099,0.9329151012009983,0.017,0.022,0.031,0.036,0.049,0.047,0.028521265812281427,0.033075712678274125
144,2.0,288.0,5.486654758453369,72.65628480911255,0.932670693015736,0.021,0.025,0.028,0.035,0.052,0.05,0.030566152353132515,0.034843717385504916
145,2.0,290.0,5.773474931716919,74.21983885765076,0.9321527253493351,0.023,0.023,0.034,0.041,0.052,0.054,0.03320341479484535,0.03492189268575736
146,2.0,292.0,5.695272922515869,73.65619492530823,0.9328124097698669,0.024,0.029,0.033,0.034,0.05,0.046,0.03361059773930936,0.03565871060462575
147,2.0,294.0,5.807015895843506,74.88277578353882,0.9330137082250245,0.026,0.03,0.038,0.036,0.053,0.045,0.03558047085847407,0.036658012148896364
148,2.0,296.0,5.790639162063599,74.59122848510742,0.9320655763768063,0.02,0.026,0.033,0.038,0.051,0.049,0.031797176519013,0.03576918073650857
149,2.0,298.0,5.989639520645142,76.35342001914978,0.9306751113072453,0.02,0.024,0.038,0.041,0.047,0.057,0.031964493055838775,0.037353897005593745
150,2.0,300.0,5.9140613079071045,75.55720543861389,0.9300088807445908,0.021,0.026,0.031,0.037,0.048,0.053,0.03002168433916585,0.03605202494456062
151,2.0,302.0,6.345015525817871,76.28938841819763,0.9316171745057181,0.019,0.029,0.027,0.037,0.044,0.048,0.02757151401039335,0.03661192918078816
152,2.0,304.0,5.95639443397522,76.03355383872986,0.9323496274223673,0.014,0.018,0.026,0.036,0.038,0.05,0.02387968304418968,0.030621628889782093
153,2.0,306.0,6.153545618057251,77.62284684181213,0.9305546563061724,0.015,0.019,0.028,0.038,0.043,0.063,0.02591112061769414,0.03329249657757798
154,2.0,308.0,5.965489625930786,77.41342377662659,0.9296526990711497,0.025,0.02,0.033,0.04,0.052,0.053,0.03456188261555513,0.03316978262802901
155,2.0,310.0,6.321468114852905,77.56699824333191,0.9294776247859198,0.021,0.022,0.032,0.036,0.049,0.052,0.031067030338657455,0.03282378637826982
156,2.0,312.0,6.334758520126343,77.81964087486267,0.9305241202393842,0.027,0.024,0.038,0.035,0.048,0.049,0.035505998858624,0.033970434731514565
157,2.0,314.0,6.290703058242798,78.02705550193787,0.9303962508582394,0.016,0.025,0.027,0.032,0.046,0.051,0.02623033603009445,0.03379467079992737
158,2.0,316.0,6.36049485206604,79.72071766853333,0.9317130353521473,0.02,0.02,0.032,0.034,0.048,0.054,0.03046484153245763,0.03197682487348959
159,2.0,318.0,6.687068462371826,78.8830738067627,0.9284474122473422,0.019,0.028,0.032,0.04,0.047,0.06,0.03085815240212226,0.03976374806937014
160,2.0,320.0,6.4453113079071045,78.54720044136047,0.9320040890622455,0.021,0.027,0.035,0.037,0.047,0.057,0.03147847594925823,0.037259724297398586
161,2.0,322.0,6.514009952545166,79.49029660224915,0.927950170147064,0.021,0.028,0.038,0.038,0.048,0.052,0.03272321009899208,0.03705259490879125
162,2.0,324.0,6.427518606185913,81.02666282653809,0.9288380948246071,0.019,0.025,0.03,0.035,0.049,0.051,0.029399303000958978,0.03416727936806475
163,2.0,326.0,6.618080377578735,80.6904628276825,0.9287546564207256,0.021,0.025,0.034,0.038,0.049,0.048,0.03156111269288229,0.03494313687180695
164,2.0,328.0,6.827800750732422,80.42324614524841,0.9292420585032856,0.019,0.024,0.03,0.031,0.047,0.047,0.0290029637071989,0.0322608819522083
165,2.0,330.0,6.848444700241089,82.32758522033691,0.9305692876223196,0.018,0.026,0.027,0.033,0.043,0.054,0.02713032216080534,0.034781370664275585
166,2.0,332.0,7.13699197769165,81.5601396560669,0.9285418473192094,0.023,0.022,0.037,0.032,0.051,0.049,0.034468947850090276,0.032629563908654194
167,2.0,334.0,7.206862926483154,82.07255816459656,0.9266154900604969,0.025,0.031,0.035,0.041,0.052,0.053,0.03438205731396404,0.039339158869928406
168,2.0,336.0,7.193867206573486,82.53180956840515,0.9291062870435755,0.019,0.019,0.03,0.035,0.039,0.048,0.028214324587126274,0.030959592565134243
169,2.0,338.0,7.033187627792358,83.96074867248535,0.9292167738912337,0.023,0.026,0.035,0.039,0.054,0.056,0.033471973876247035,0.03759399504503207
170,2.0,340.0,7.18507194519043,83.11691355705261,0.9256626640886525,0.019,0.023,0.037,0.04,0.05,0.058,0.03187324780997536,0.03539231742910069
171,2.0,342.0,7.043182849884033,83.8573145866394,0.927524137709477,0.024,0.024,0.036,0.038,0.048,0.057,0.0334671271151004,0.03583219756288321
172,2.0,344.0,7.210318326950073,84.75371623039246,0.9269050625676359,0.019,0.026,0.034,0.038,0.048,0.048,0.03032081739259428,0.035126550851511965
173,2.0,346.0,7.48835563659668,84.2270884513855,0.9271724989315143,0.024,0.021,0.037,0.04,0.051,0.062,0.03555483993053403,0.03646735867646907
174,2.0,348.0,7.246750116348267,84.56614017486572,0.9269713396614255,0.019,0.028,0.036,0.037,0.049,0.051,0.03150117733733113,0.03681117352025244
175,2.0,350.0,7.363327980041504,85.30903553962708,0.9262897749641169,0.027,0.03,0.039,0.043,0.056,0.058,0.03794886631593991,0.04070542082978117
176,2.0,352.0,7.285310506820679,86.13284468650818,0.9267754274381107,0.02,0.026,0.036,0.039,0.05,0.054,0.03213725122918569,0.03727654165907378
177,2.0,354.0,7.831393480300903,85.67727589607239,0.9264897922986558,0.03,0.028,0.041,0.036,0.058,0.057,0.04014057874967892,0.03755485668986836
178,2.0,356.0,7.616815090179443,86.5632266998291,0.9266331406111832,0.023,0.028,0.04,0.041,0.055,0.053,0.03509760895372174,0.03848416016487277
179,2.0,358.0,7.397620916366577,86.78021788597107,0.9263582310658203,0.021,0.023,0.039,0.037,0.052,0.051,0.03346483529036594,0.03415513003669279
180,2.0,360.0,7.769057273864746,87.69482731819153,0.9257235354385891,0.024,0.022,0.035,0.037,0.051,0.054,0.03411218727552147,0.033954372726252374
181,2.0,362.0,7.827673673629761,87.04194712638855,0.9248181104348433,0.023,0.03,0.033,0.04,0.048,0.057,0.03271279650960617,0.03971705731280255
182,2.0,364.0,7.74099326133728,87.83107876777649,0.9249020605826729,0.023,0.025,0.033,0.042,0.049,0.049,0.033153138349598536,0.03675667587066616
183,2.0,366.0,8.118698596954346,89.31984567642212,0.9242266569009971,0.024,0.025,0.034,0.041,0.051,0.055,0.033821031895840625,0.03724642402125417
184,2.0,368.0,7.792511224746704,88.50436043739319,0.9247007152828217,0.023,0.029,0.035,0.04,0.059,0.054,0.0342851102274052,0.039216396141976875
185,2.0,370.0,8.017611026763916,90.00499439239502,0.9256018930831516,0.029,0.026,0.04,0.034,0.061,0.049,0.039435995837170744,0.03506532215011148
186,2.0,372.0,8.210580110549927,90.49246168136597,0.9243470982091119,0.026,0.028,0.034,0.038,0.046,0.051,0.033967338114142015,0.03740429193416892
187,2.0,374.0,8.108287334442139,89.69679760932922,0.9244662583332683,0.025,0.028,0.039,0.036,0.052,0.056,0.03628317297980928,0.037617161174918035
188,2.0,376.0,7.963125944137573,90.26959371566772,0.9227147341452447,0.024,0.03,0.035,0.039,0.05,0.048,0.03405334493644449,0.03818037584981238
189,2.0,378.0,8.630228757858276,91.64909958839417,0.9229275406270117,0.026,0.028,0.035,0.037,0.053,0.052,0.035710485156518916,0.03698006185050905
190,2.0,380.0,8.806140184402466,92.13427639007568,0.9253447855363681,0.021,0.029,0.036,0.044,0.05,0.053,0.03303322706188947,0.03978733925143182
191,2.0,382.0,8.709582328796387,92.77075719833374,0.923220683472638,0.023,0.025,0.035,0.037,0.05,0.053,0.03345389971742114,0.03587574205517048
192,2.0,384.0,8.317159414291382,101.14163017272949,0.9230225995768216,0.023,0.03,0.033,0.04,0.053,0.056,0.03379864790997897,0.03947505821938023
193,2.0,386.0,8.796535968780518,107.28363299369812,0.9240478449540349,0.033,0.03,0.046,0.039,0.063,0.052,0.04446472170233107,0.03908768709885556
194,2.0,388.0,8.639287233352661,107.5468807220459,0.9229716073915717,0.021,0.022,0.033,0.038,0.052,0.054,0.0320983462787391,0.03459700321922447
195,2.0,390.0,8.923203706741333,108.81178092956543,0.9233202885923919,0.023,0.028,0.036,0.036,0.049,0.053,0.03370880078844286,0.03725831284193394
196,2.0,392.0,8.835003137588501,111.2957718372345,0.9214685089815535,0.019,0.029,0.034,0.039,0.046,0.052,0.030166660327855425,0.03821725790846512
197,2.0,394.0,9.055752754211426,111.11170983314514,0.9224231246613858,0.028,0.024,0.036,0.04,0.049,0.047,0.03660332258395309,0.034819316176661966
198,2.0,396.0,9.090698957443237,109.8040885925293,0.9234394486019024,0.024,0.024,0.037,0.039,0.048,0.058,0.03344243628499507,0.03571304712631931
199,2.0,398.0,9.404165506362915,111.05292391777039,0.9227684497256832,0.022,0.026,0.033,0.041,0.052,0.053,0.03215733843004519,0.03644623888647718
200,2.0,400.0,9.016056060791016,112.21519875526428,0.9229210434789643,0.028,0.024,0.041,0.038,0.062,0.053,0.04036654643060248,0.03477847303979417
201,2.0,402.0,9.302329540252686,113.50500822067261,0.9219515414564547,0.025,0.026,0.042,0.044,0.06,0.058,0.03755880062542542,0.039011366717027075
202,2.0,404.0,9.346130132675171,110.6694405078888,0.922186954616125,0.027,0.034,0.039,0.044,0.054,0.062,0.03769343300976973,0.04414909781595369
203,2.0,406.0,9.249383926391602,114.23441481590271,0.9211744582084365,0.024,0.027,0.038,0.043,0.054,0.057,0.03656413989962838,0.03947070593760377
204,2.0,408.0,9.364337682723999,112.11765098571777,0.9205867006160228,0.027,0.026,0.038,0.036,0.055,0.058,0.03691056323562146,0.037008041729658304
205,2.0,410.0,9.3929283618927,113.07472324371338,0.9198391480842475,0.03,0.026,0.04,0.037,0.057,0.053,0.039898423056271025,0.03629584570873214
206,2.0,412.0,9.597287654876709,115.3811604976654,0.9206660095817071,0.031,0.029,0.037,0.034,0.052,0.051,0.03870313580569075,0.037085839282039436
207,2.0,414.0,9.627861499786377,114.4219753742218,0.9220866648353545,0.029,0.028,0.038,0.037,0.059,0.057,0.03952957850042655,0.03747408881997119
208,2.0,416.0,9.661346197128296,115.53348708152771,0.9199852625336703,0.025,0.034,0.043,0.044,0.055,0.055,0.03772923306099733,0.04319372942463139
209,2.0,418.0,9.667758226394653,116.23087668418884,0.920024719838715,0.024,0.03,0.035,0.041,0.051,0.052,0.0345010771710266,0.03930259840361426
210,2.0,420.0,9.655514001846313,115.13119840621948,0.9198479523912747,0.029,0.026,0.046,0.038,0.064,0.052,0.041141840718230134,0.03617048030780997
211,2.0,422.0,9.803927183151245,116.86287355422974,0.9210741592695452,0.02,0.029,0.038,0.041,0.053,0.058,0.03248239993192742,0.039660473060916863
212,2.0,424.0,9.654732942581177,116.69955539703369,0.9208362847194785,0.027,0.031,0.038,0.041,0.056,0.055,0.03693776296705465,0.03928974160661444
213,2.0,426.0,10.039010524749756,116.7105348110199,0.9198436830537096,0.027,0.025,0.036,0.032,0.052,0.051,0.03592919233857407,0.03432356324138773
214,2.0,428.0,10.340218544006348,119.76481986045837,0.9175821253192746,0.026,0.024,0.039,0.044,0.056,0.058,0.037105301364375017,0.038506645008256776
215,2.0,430.0,10.22205901145935,118.73833394050598,0.9216281697623714,0.025,0.032,0.044,0.043,0.059,0.06,0.03833029850143644,0.04199516111809667
216,2.0,432.0,10.130163431167603,117.54850769042969,0.9193846650958446,0.027,0.035,0.04,0.045,0.056,0.059,0.03905057510099677,0.044295545709776014
217,2.0,434.0,10.357507944107056,118.8341634273529,0.9192268766050801,0.025,0.032,0.035,0.042,0.053,0.055,0.03468238441920712,0.0412662377582373
218,2.0,436.0,10.212138891220093,120.84049415588379,0.9199980109287192,0.027,0.028,0.038,0.044,0.061,0.056,0.037931917011017245,0.03947843836193677
219,2.0,438.0,10.592707633972168,119.79199600219727,0.9196504102546268,0.021,0.033,0.034,0.045,0.053,0.056,0.033013564443714984,0.04205256142256066
220,2.0,440.0,10.573073148727417,122.34841442108154,0.9179818980515367,0.024,0.025,0.036,0.043,0.056,0.051,0.03520485838229865,0.03686961715713136
221,2.0,442.0,10.73070502281189,120.43776202201843,0.9183874865376426,0.03,0.032,0.042,0.039,0.06,0.049,0.04023418418882039,0.039924890215798786
222,2.0,444.0,10.710809469223022,120.6339635848999,0.9189615373287862,0.028,0.03,0.038,0.039,0.056,0.051,0.038345918811060115,0.0389076352118004
223,2.0,446.0,10.984995126724243,122.07752442359924,0.9180080979140816,0.019,0.033,0.034,0.042,0.055,0.058,0.03227598214197274,0.04308310464669529
224,2.0,448.0,10.624040603637695,124.53496479988098,0.9177960601075087,0.028,0.027,0.037,0.036,0.061,0.055,0.03859447854824635,0.037318497942314795
225,2.0,450.0,11.261048555374146,124.49450492858887,0.9178363826681196,0.027,0.031,0.038,0.043,0.055,0.059,0.037388800210915424,0.040598019368863564
226,2.0,452.0,10.931463718414307,124.812828540802,0.9179695204463704,0.023,0.028,0.04,0.042,0.051,0.057,0.03524684848376612,0.03927382968439604
227,2.0,454.0,11.564845323562622,123.9840657711029,0.9183532573747721,0.024,0.025,0.036,0.036,0.046,0.053,0.03453641264078123,0.03512256219491305
228,2.0,456.0,11.015445709228516,122.86747288703918,0.9179531894387526,0.029,0.032,0.04,0.039,0.055,0.062,0.038772066584884,0.04147322495707691
229,2.0,458.0,11.353534460067749,126.9229850769043,0.9172569888071461,0.024,0.024,0.038,0.044,0.057,0.057,0.03581212889302237,0.038105743221318135
230,2.0,460.0,11.31954574584961,127.01341557502747,0.9157480482236775,0.024,0.033,0.037,0.044,0.049,0.059,0.03483026676412225,0.04236364800732031
231,2.0,462.0,11.70829176902771,127.1255829334259,0.9170110065180288,0.032,0.031,0.04,0.044,0.055,0.065,0.04047255381568571,0.04270357118814278
232,2.0,464.0,11.450628519058228,125.46285390853882,0.917509642543682,0.027,0.028,0.04,0.043,0.062,0.064,0.03945571137776871,0.041646775797062476
233,2.0,466.0,11.415109634399414,128.75008463859558,0.9167660093302357,0.035,0.024,0.041,0.038,0.059,0.05,0.04353378222234559,0.035178206310286265
234,2.0,468.0,11.276371002197266,125.9873960018158,0.9178499903793859,0.034,0.032,0.044,0.046,0.063,0.065,0.04404093172955874,0.0440445985877558
235,2.0,470.0,11.694193601608276,129.66077828407288,0.9161884955781313,0.028,0.031,0.037,0.043,0.06,0.058,0.03827102588881873,0.041868541557041804
236,2.0,472.0,11.521756172180176,128.98090147972107,0.9156045173726953,0.024,0.028,0.034,0.044,0.054,0.055,0.035184194930336615,0.03970819345845534
237,2.0,474.0,11.9205002784729,130.11176538467407,0.915685393120405,0.027,0.027,0.038,0.042,0.056,0.059,0.037545696841936926,0.03907854149215148
238,2.0,476.0,12.173429489135742,130.88270258903503,0.9179578494429754,0.034,0.033,0.044,0.044,0.064,0.061,0.04447544519082555,0.043606131789225594
239,2.0,478.0,12.188649654388428,129.4984290599823,0.9155125972256585,0.031,0.028,0.044,0.043,0.063,0.055,0.04221504064781558,0.03923165728136098
240,2.0,480.0,12.278494119644165,132.65811347961426,0.9156030552908355,0.029,0.022,0.036,0.037,0.05,0.056,0.03708776279091018,0.03479475630068329
241,2.0,482.0,12.073890686035156,130.16389727592468,0.9157093922275571,0.029,0.03,0.04,0.039,0.061,0.053,0.04018933590486381,0.03885685439785266
242,2.0,484.0,12.098140716552734,130.3652219772339,0.9145579909024608,0.021,0.026,0.04,0.039,0.053,0.057,0.034163724291049864,0.03792582304545535
243,2.0,486.0,12.388445854187012,134.06945371627808,0.9148784525807188,0.03,0.032,0.045,0.041,0.06,0.059,0.041312570483110996,0.04158178624039351
244,2.0,488.0,12.214043140411377,130.5169060230255,0.9140700953773104,0.023,0.027,0.037,0.035,0.05,0.059,0.035309785565131674,0.03815600765482288
245,2.0,490.0,12.700140476226807,132.09963631629944,0.9140248951082236,0.032,0.026,0.042,0.041,0.063,0.061,0.04247874327508103,0.03864306338651205
246,2.0,492.0,12.5447838306427,132.78020548820496,0.9162083573356383,0.026,0.029,0.045,0.042,0.063,0.061,0.03966749564583674,0.040929113596189774
247,2.0,494.0,12.6985924243927,135.6684410572052,0.9125021558057674,0.029,0.023,0.041,0.036,0.052,0.058,0.039096214864396475,0.036091186438647505
248,2.0,496.0,12.44756031036377,135.95576763153076,0.9139130307381547,0.026,0.028,0.038,0.039,0.063,0.056,0.038799620677973004,0.03849586589537309
249,2.0,498.0,12.85514760017395,136.44160556793213,0.9167997947124333,0.028,0.026,0.04,0.038,0.059,0.047,0.038741372781692714,0.03588140012090039
250,2.0,500.0,12.701563835144043,136.49015593528748,0.914325230033896,0.028,0.031,0.041,0.041,0.058,0.056,0.03921870402188071,0.0404811320876111
251,2.0,502.0,13.046015501022339,137.64702892303467,0.9130995349331061,0.029,0.032,0.04,0.046,0.058,0.061,0.039427227277136115,0.04348565452703188
252,2.0,504.0,12.921557664871216,135.06445598602295,0.913022881988383,0.024,0.028,0.041,0.034,0.056,0.053,0.03640918864629359,0.036672861520263715
253,2.0,506.0,13.104504823684692,135.80674004554749,0.9158413438957907,0.029,0.032,0.038,0.045,0.057,0.059,0.038975274504564665,0.04250517908184884
254,2.0,508.0,13.326970338821411,137.9654562473297,0.9125888786991102,0.029,0.027,0.037,0.038,0.054,0.054,0.037979371773837124,0.03774705356715732
255,2.0,510.0,13.71291446685791,141.13668251037598,0.9133145733438763,0.035,0.029,0.045,0.044,0.064,0.058,0.045131535283346666,0.040769089662517445
256,2.0,512.0,13.482835531234741,139.73770403862,0.9149726571185194,0.037,0.027,0.047,0.044,0.063,0.065,0.046853196132711786,0.041130521207893796
257,2.0,514.0,13.720712423324585,137.96704077720642,0.9125471339024968,0.026,0.03,0.036,0.04,0.056,0.059,0.03627635511466616,0.04076361121325367
258,2.0,516.0,13.609941959381104,141.01135897636414,0.912675551357006,0.034,0.033,0.045,0.036,0.067,0.059,0.045014650933327925,0.0412843684735942
259,2.0,518.0,13.734017848968506,142.8273425102234,0.9129059547974671,0.025,0.035,0.04,0.043,0.065,0.063,0.038680735709112055,0.04488915961872468
260,2.0,520.0,13.697570323944092,140.1089301109314,0.914716900527665,0.036,0.031,0.048,0.045,0.066,0.055,0.04640780008293815,0.041269715647807965
261,2.0,522.0,13.89031457901001,140.05073285102844,0.911685163149997,0.03,0.028,0.039,0.044,0.059,0.068,0.04049233628988767,0.0409653921674373
262,2.0,524.0,14.087704420089722,141.78096508979797,0.9125200900397505,0.031,0.028,0.042,0.046,0.06,0.067,0.04173089229537623,0.04272667731832137
263,2.0,526.0,14.117539167404175,140.82122445106506,0.9112871905571708,0.031,0.029,0.043,0.041,0.061,0.061,0.04179288737884378,0.04030370455306111
264,2.0,528.0,13.827737808227539,140.8745985031128,0.9113600416896189,0.031,0.031,0.044,0.039,0.064,0.059,0.042606980484735456,0.04067758567463753
265,2.0,530.0,15.03645372390747,145.1895899772644,0.9115177678221932,0.028,0.031,0.042,0.042,0.059,0.058,0.03966387033181648,0.0401934335184123
266,2.0,532.0,14.07525372505188,141.83848762512207,0.9116658995143611,0.026,0.029,0.04,0.044,0.058,0.055,0.03781749704573994,0.040056939575399415
267,2.0,534.0,14.352656126022339,144.1135709285736,0.9116032389036928,0.031,0.026,0.04,0.036,0.057,0.055,0.04052627097179955,0.036292154818732054
268,2.0,536.0,14.46878981590271,143.0298593044281,0.9114254910904288,0.027,0.029,0.042,0.045,0.057,0.059,0.038812250354259455,0.04140113850680795
269,2.0,538.0,14.360010623931885,143.10254669189453,0.9128254152833395,0.023,0.029,0.04,0.04,0.053,0.056,0.03629859969093019,0.039704538788795804
270,2.0,540.0,14.54870891571045,143.79502749443054,0.9111316833384022,0.038,0.026,0.049,0.046,0.06,0.069,0.04769112425924678,0.04162588856505126
271,2.0,542.0,14.903565168380737,147.90710043907166,0.9122951978126056,0.031,0.033,0.047,0.043,0.074,0.063,0.04487658883393695,0.04343875664566792
272,2.0,544.0,14.424726724624634,149.04889106750488,0.9120216550729422,0.03,0.034,0.04,0.043,0.054,0.06,0.04018477496765911,0.04418698814524157
273,2.0,546.0,14.927086353302002,145.84745907783508,0.910672741723225,0.028,0.026,0.04,0.038,0.059,0.065,0.03873575049206696,0.03881200814035223
274,2.0,548.0,14.815483808517456,147.2895679473877,0.9104806927024537,0.03,0.034,0.047,0.043,0.071,0.067,0.04410168119850867,0.045447176523373836
275,2.0,550.0,15.545623064041138,150.22386193275452,0.9106515586791852,0.029,0.028,0.041,0.042,0.059,0.065,0.04083270100248468,0.04065557536161114
276,2.0,552.0,14.924535512924194,149.73636031150818,0.9102350216959214,0.034,0.03,0.043,0.044,0.058,0.061,0.0431931531776114,0.04124558226075899
277,2.0,554.0,15.077620029449463,148.18570685386658,0.9104526907848248,0.031,0.025,0.044,0.039,0.062,0.058,0.042862175659265846,0.03778199765071485
278,2.0,556.0,15.009003639221191,148.88898825645447,0.909916226529175,0.032,0.028,0.04,0.041,0.062,0.065,0.04266269304791857,0.04012986056473346
279,2.0,558.0,15.430261850357056,148.70922088623047,0.9087715173553017,0.037,0.033,0.045,0.04,0.062,0.056,0.046061902849133245,0.041572271151977536
280,2.0,560.0,15.304137945175171,151.44506859779358,0.9103208216193045,0.029,0.035,0.041,0.041,0.055,0.064,0.03974984024233953,0.04437867073596604
281,2.0,562.0,15.574422597885132,153.00078320503235,0.9099712036993515,0.026,0.034,0.047,0.046,0.064,0.065,0.0405785850056665,0.045751419522295896
282,2.0,564.0,15.657864570617676,149.50549387931824,0.910512572973052,0.032,0.03,0.044,0.042,0.062,0.064,0.04313230271817292,0.041665107803530645
283,2.0,566.0,15.840431451797485,153.77189540863037,0.908906337364489,0.028,0.028,0.046,0.04,0.06,0.063,0.04141634832850238,0.04090191116914436
284,2.0,568.0,15.726942300796509,150.85719966888428,0.9097549563578868,0.034,0.033,0.042,0.046,0.063,0.066,0.04425452091994794,0.04563807461465459
285,2.0,570.0,15.720651865005493,153.75314617156982,0.9078093078265196,0.032,0.03,0.04,0.041,0.063,0.067,0.04240000147946604,0.04107896442457739
286,2.0,572.0,15.780953407287598,155.09036302566528,0.9090091209005698,0.031,0.03,0.038,0.045,0.059,0.061,0.04022596401167695,0.042578595762970885
287,2.0,574.0,16.140891313552856,156.38211059570312,0.9095312482791709,0.032,0.03,0.042,0.045,0.065,0.066,0.04324451556073696,0.043083621264822174
288,2.0,576.0,15.756433963775635,155.07789134979248,0.9080048853838129,0.033,0.031,0.041,0.043,0.061,0.062,0.04266250741256833,0.0419508953109085
289,2.0,578.0,16.136654376983643,153.48163771629333,0.9083479527356902,0.029,0.033,0.049,0.041,0.064,0.06,0.0429003599408046,0.04306523210443817
290,2.0,580.0,16.037036180496216,157.21178340911865,0.9072856940623452,0.029,0.035,0.042,0.044,0.055,0.057,0.04016328635740103,0.04426931185430325
291,2.0,582.0,16.293325185775757,156.41907215118408,0.9070014646317427,0.026,0.034,0.037,0.047,0.061,0.067,0.03790164152806457,0.045334397787092445
292,2.0,584.0,16.12684726715088,154.2760148048401,0.9072635939047471,0.032,0.033,0.05,0.045,0.069,0.069,0.045824984532401046,0.044907423468613615
293,2.0,586.0,16.77379298210144,155.3418469429016,0.9078037587841926,0.034,0.03,0.044,0.052,0.064,0.064,0.0447262368468707,0.04433912597312331
294,2.0,588.0,16.83075523376465,156.7800588607788,0.907345616901005,0.03,0.03,0.042,0.046,0.064,0.062,0.04193629443742411,0.042847553477107655
295,2.0,590.0,16.814400911331177,156.76756477355957,0.9071588715601243,0.027,0.029,0.042,0.039,0.062,0.059,0.040253232212376734,0.040392630553983476
296,2.0,592.0,16.899707794189453,156.83084106445312,0.9063355338852281,0.026,0.033,0.041,0.045,0.057,0.066,0.03863956056587071,0.04371286659260282
297,2.0,594.0,17.066460371017456,161.27430057525635,0.9080004080460593,0.029,0.027,0.041,0.041,0.062,0.063,0.040610620122480325,0.03976160768207894
298,2.0,596.0,17.103984594345093,157.73588252067566,0.907399119195762,0.034,0.032,0.045,0.044,0.061,0.064,0.044786391926967824,0.043567097034618585
299,2.0,598.0,16.913951873779297,162.5420970916748,0.9071758379946873,0.032,0.037,0.045,0.042,0.067,0.064,0.04396338400235983,0.04594282888919149
300,2.0,600.0,16.82270908355713,158.50745224952698,0.9065623044633002,0.025,0.029,0.031,0.042,0.056,0.072,0.03462219507017147,0.04235473265105495
301,2.0,602.0,17.371680974960327,158.90301942825317,0.9071973428544817,0.028,0.029,0.045,0.041,0.06,0.061,0.04101782692448039,0.041032298690012806
302,2.0,604.0,17.375723838806152,159.44133591651917,0.9069634593837358,0.039,0.034,0.046,0.045,0.068,0.07,0.048317311720935584,0.04612021387223206
303,2.0,606.0,17.457616567611694,163.974778175354,0.9054502353071384,0.028,0.028,0.041,0.044,0.058,0.067,0.03991710778798381,0.042165138505253726
304,2.0,608.0,17.39976167678833,160.58795142173767,0.905747407322118,0.029,0.027,0.046,0.044,0.063,0.065,0.04278781086175584,0.040427323785946115
305,2.0,610.0,17.73038339614868,162.89032697677612,0.9061582225486947,0.031,0.027,0.046,0.039,0.067,0.06,0.04398827736781944,0.038685509003718664
306,2.0,612.0,17.716094493865967,163.40398240089417,0.9065175023731852,0.027,0.034,0.044,0.046,0.064,0.064,0.0404490199564809,0.046296966347700134
307,2.0,614.0,17.924360513687134,166.17867183685303,0.9056916245781698,0.033,0.032,0.042,0.041,0.065,0.061,0.04289152142032023,0.04244683673121288
308,2.0,616.0,17.9269380569458,164.66997003555298,0.9056838960994071,0.032,0.035,0.042,0.05,0.061,0.072,0.04278526283437818,0.04745381500679598
309,2.0,618.0,18.140331506729126,166.35528230667114,0.905002023980604,0.03,0.03,0.042,0.036,0.059,0.054,0.04133825692507603,0.03942532988853095
310,2.0,620.0,18.052749395370483,167.0950231552124,0.9049884773542487,0.034,0.031,0.046,0.04,0.065,0.063,0.04562152635225329,0.041558348162900646
311,2.0,622.0,18.249870777130127,163.82341599464417,0.906130926486669,0.033,0.026,0.048,0.047,0.065,0.066,0.044384592785099895,0.04106321358563938
312,2.0,624.0,17.923362493515015,164.180894613266,0.9045992978044686,0.032,0.029,0.044,0.035,0.064,0.06,0.04339201796999068,0.03986401516523459
313,2.0,626.0,18.319607496261597,167.2986876964569,0.9065559697623087,0.032,0.031,0.047,0.04,0.063,0.065,0.04432176895937381,0.04187909142955965
314,2.0,628.0,18.412450790405273,165.81068682670593,0.9056268940355903,0.032,0.034,0.047,0.045,0.067,0.066,0.04423504352573306,0.045231621467975075
315,2.0,630.0,18.7457218170166,166.0758502483368,0.9045994603056792,0.031,0.027,0.044,0.037,0.062,0.067,0.042982575322070685,0.039716912344343665
316,2.0,632.0,18.722649335861206,167.18208169937134,0.9049890654933598,0.029,0.03,0.05,0.046,0.073,0.071,0.04448509661996519,0.04473952878667676
317,2.0,634.0,18.88976240158081,169.519029378891,0.9043353261034849,0.034,0.03,0.047,0.04,0.071,0.062,0.04687828630572172,0.041378845928683766
318,2.0,636.0,18.70230722427368,167.41504859924316,0.9050365781783891,0.033,0.036,0.048,0.051,0.062,0.07,0.0453419871850113,0.04890377675272135
319,2.0,638.0,19.360440015792847,168.33189964294434,0.9059514736173598,0.036,0.032,0.046,0.044,0.069,0.068,0.046594208070609676,0.04384034080265942
320,2.0,640.0,18.950536251068115,167.87869501113892,0.9042891758818161,0.035,0.024,0.046,0.046,0.066,0.07,0.046172438214592736,0.04056039966994523
321,2.0,642.0,19.53631091117859,171.67344760894775,0.9054708821275075,0.03,0.027,0.049,0.039,0.072,0.059,0.04490602178483347,0.03855662214218655
322,2.0,644.0,19.277361392974854,169.06660318374634,0.9041837149083102,0.03,0.03,0.043,0.043,0.068,0.07,0.04242439671890172,0.04299569177399972
323,2.0,646.0,19.67868971824646,173.7020878791809,0.9032808205678972,0.031,0.027,0.04,0.048,0.065,0.073,0.04257333952373646,0.0427740820643218
324,2.0,648.0,19.465980291366577,168.9474377632141,0.9043431841093067,0.037,0.031,0.051,0.04,0.072,0.066,0.04973007471520749,0.04226105119354972
325,2.0,650.0,19.32686972618103,173.93900513648987,0.902320948438647,0.035,0.03,0.044,0.043,0.065,0.058,0.045635465454626295,0.04179398529986341
326,2.0,652.0,19.695805311203003,172.0764856338501,0.9041762580476159,0.035,0.036,0.046,0.045,0.063,0.06,0.045360591418899456,0.0451925443454906
327,2.0,654.0,19.915364980697632,171.98201894760132,0.9020683039412601,0.027,0.029,0.041,0.04,0.066,0.066,0.04004622751851268,0.041452847483972446
328,2.0,656.0,19.558574676513672,173.87486577033997,0.9026365199428132,0.03,0.027,0.046,0.044,0.068,0.071,0.04210978633976206,0.04209477709604979
329,2.0,658.0,20.312781810760498,176.37337136268616,0.9023442383318346,0.032,0.033,0.043,0.047,0.063,0.075,0.04269748109838741,0.04607295012932949
330,2.0,660.0,19.893627643585205,172.85903477668762,0.9040307374161426,0.032,0.036,0.045,0.048,0.072,0.07,0.04491165547697296,0.047688356994690394
331,2.0,662.0,20.17483878135681,174.19827437400818,0.9024847307307636,0.035,0.037,0.045,0.052,0.067,0.072,0.04536035124019472,0.04933654872758411
332,2.0,664.0,20.22130799293518,177.83132791519165,0.9036006196934182,0.03,0.03,0.045,0.041,0.072,0.069,0.044077953392133544,0.04301345405092311
333,2.0,666.0,20.694257974624634,177.93648958206177,0.9029094000222173,0.031,0.036,0.052,0.052,0.076,0.076,0.047330594304081604,0.04984663215147359
334,2.0,668.0,20.494479656219482,178.67520999908447,0.9020756183694173,0.033,0.025,0.047,0.042,0.068,0.066,0.04539349339101266,0.04046039358350985
335,2.0,670.0,20.870021104812622,179.938814163208,0.9027228400301781,0.034,0.028,0.042,0.04,0.071,0.075,0.045549494330287786,0.04147539724830495
336,2.0,672.0,20.451202869415283,181.4052038192749,0.9019716705097213,0.033,0.033,0.045,0.051,0.066,0.073,0.04525052954102243,0.046896951441412475
337,2.0,674.0,22.10565161705017,196.1826298236847,0.9017484049035869,0.033,0.033,0.042,0.043,0.069,0.064,0.0443489221937962,0.043897915154482554
338,2.0,676.0,21.010462284088135,181.8630130290985,0.9013951495288297,0.031,0.027,0.042,0.039,0.067,0.068,0.04332598597908098,0.03920555616318772
339,2.0,678.0,20.027868270874023,191.42497754096985,0.9014086257043786,0.031,0.034,0.044,0.043,0.067,0.074,0.04247246397024436,0.04580436786912376
340,2.0,680.0,20.16699743270874,183.25424313545227,0.9008439427044733,0.032,0.025,0.046,0.043,0.072,0.07,0.04531089472875663,0.03974384203015042
341,2.0,682.0,20.06035542488098,187.93963646888733,0.9003876670219083,0.037,0.028,0.051,0.044,0.071,0.064,0.04866422004754925,0.04065803402280948
342,2.0,684.0,21.909257888793945,184.07734990119934,0.9008810961943732,0.032,0.034,0.046,0.048,0.069,0.072,0.044866662709512145,0.04730579995131625
343,2.0,686.0,20.32805585861206,181.98182845115662,0.9029148127468585,0.029,0.037,0.043,0.046,0.064,0.064,0.041415706382525085,0.047326471064001355
344,2.0,688.0,21.87895131111145,180.4830882549286,0.9010919851883245,0.032,0.032,0.048,0.043,0.073,0.071,0.045792961587610884,0.04437285887792204
345,2.0,690.0,26.3713960647583,190.45914673805237,0.9017001552656725,0.033,0.028,0.047,0.045,0.072,0.078,0.04570390504901975,0.04346972742793909
346,2.0,692.0,24.454113006591797,185.3288233280182,0.9012088705852895,0.035,0.032,0.045,0.05,0.07,0.072,0.046707501372441416,0.046598001874712976
347,2.0,694.0,22.495564222335815,182.56049823760986,0.9017149264481008,0.036,0.03,0.051,0.045,0.069,0.072,0.04900531860213901,0.04384802373573917
348,2.0,696.0,21.820143461227417,180.8175184726715,0.9001087575692661,0.034,0.032,0.047,0.045,0.069,0.074,0.04597005299557802,0.045429199207105544
349,2.0,698.0,22.51883602142334,184.8826720714569,0.9004587384217103,0.031,0.031,0.048,0.041,0.072,0.071,0.04594736341307965,0.04337038563865098
350,2.0,700.0,22.426632165908813,186.239679813385,0.9001422376429385,0.031,0.038,0.045,0.047,0.069,0.08,0.043732369018682625,0.049088384604780565
351,2.0,702.0,22.681729555130005,186.6921992301941,0.9006072647978145,0.036,0.025,0.049,0.054,0.072,0.077,0.048466557042432856,0.04392195041441866
352,2.0,704.0,22.467591524124146,183.03270196914673,0.9010975293242608,0.034,0.03,0.051,0.05,0.075,0.073,0.04845927873989442,0.044837422081324296
353,2.0,706.0,22.512025594711304,183.26844382286072,0.9011146962887714,0.031,0.036,0.049,0.047,0.064,0.071,0.04491962246819817,0.047514129754078226
354,2.0,708.0,22.62721586227417,184.1254699230194,0.8991618096927322,0.037,0.031,0.053,0.038,0.077,0.062,0.050928897193862704,0.04106652194412676
355,2.0,710.0,22.75244140625,185.34358835220337,0.8984470446932133,0.035,0.036,0.051,0.043,0.074,0.071,0.04891079125321523,0.04667650180049855
356,2.0,712.0,22.90729856491089,186.75945949554443,0.8996106174071477,0.032,0.036,0.046,0.048,0.068,0.074,0.044138786749511674,0.04831410442829499
357,2.0,714.0,21.810256958007812,185.21848344802856,0.8987064986236931,0.033,0.028,0.049,0.043,0.07,0.068,0.04676873022371957,0.04192621412762458
358,2.0,716.0,23.28831958770752,186.18891096115112,0.899987653855255,0.035,0.035,0.05,0.052,0.075,0.077,0.048013355206997094,0.048817637972498724
359,2.0,718.0,23.58367395401001,186.28659391403198,0.8976077755563028,0.029,0.032,0.045,0.047,0.067,0.063,0.04248550285970561,0.04458557732526038
360,2.0,720.0,23.45060086250305,186.66890001296997,0.8983191349002472,0.038,0.03,0.05,0.048,0.076,0.072,0.05024946803852633,0.04514538024010382
361,2.0,722.0,23.603923559188843,188.59959435462952,0.8980920259157134,0.032,0.028,0.051,0.044,0.073,0.073,0.04676296013165796,0.042574667541206694
362,2.0,724.0,23.417779207229614,188.50624561309814,0.8979796006935219,0.033,0.029,0.05,0.043,0.075,0.07,0.04699383013724675,0.04329037265005054
363,2.0,726.0,24.089411973953247,192.37682676315308,0.8998925808862245,0.039,0.031,0.055,0.043,0.082,0.072,0.053599222973147544,0.04404051992484448
364,2.0,728.0,23.93347668647766,190.10214829444885,0.8990038384225538,0.033,0.034,0.048,0.047,0.073,0.076,0.04572244296318228,0.047865026027643906
365,2.0,730.0,24.14042615890503,190.46441316604614,0.8975939083445007,0.036,0.027,0.053,0.05,0.076,0.081,0.04978606999365365,0.044773428708570415
366,2.0,732.0,24.20049810409546,190.08142185211182,0.897660000992101,0.032,0.029,0.044,0.04,0.072,0.07,0.04486280625575394,0.04166207951784344
367,2.0,734.0,24.62660551071167,194.64742517471313,0.8987997893409352,0.038,0.037,0.049,0.05,0.076,0.069,0.05082917875605704,0.04959716424496872
368,2.0,736.0,24.419501304626465,193.24750113487244,0.8984329441193615,0.033,0.033,0.046,0.052,0.067,0.071,0.044840869744606396,0.04721738082844518
369,2.0,738.0,24.508201837539673,192.95552372932434,0.8979409537968186,0.034,0.032,0.05,0.043,0.077,0.072,0.048377678969438,0.04484209049340652
370,2.0,740.0,24.6012544631958,194.15935039520264,0.8990758440127662,0.031,0.025,0.044,0.041,0.065,0.074,0.043745797586839295,0.04031202142265074
371,2.0,742.0,24.961462259292603,194.53123450279236,0.8983187377296895,0.033,0.034,0.046,0.052,0.067,0.076,0.04493126380733506,0.04850881516157119
372,2.0,744.0,24.648694038391113,194.21861910820007,0.8983597915695556,0.036,0.032,0.046,0.048,0.064,0.067,0.04581599711524977,0.04553219057032417
373,2.0,746.0,25.175909757614136,193.4525966644287,0.8973848843085198,0.034,0.038,0.044,0.05,0.07,0.074,0.045817892878330296,0.0498408920756806
374,2.0,748.0,25.23223352432251,209.23691153526306,0.8978635755133533,0.035,0.028,0.049,0.04,0.073,0.073,0.047937818906557364,0.0426955670462928
375,2.0,750.0,27.75008773803711,205.26342034339905,0.8974081777262161,0.031,0.031,0.045,0.044,0.067,0.066,0.04317237045017081,0.04292567719342431
376,2.0,752.0,25.48862624168396,195.59823751449585,0.8954089871413218,0.031,0.031,0.053,0.05,0.076,0.08,0.046519440124791527,0.04733016027189652
377,2.0,754.0,27.609100580215454,195.88288593292236,0.8982394316840562,0.04,0.03,0.051,0.046,0.073,0.072,0.051107900127083244,0.04468975809049999
378,2.0,756.0,24.46930193901062,196.54232335090637,0.8963689775624285,0.041,0.039,0.057,0.054,0.078,0.082,0.053554562880013194,0.052224330210168174
379,2.0,758.0,24.340912342071533,197.68147897720337,0.8968482867638966,0.038,0.035,0.054,0.048,0.075,0.072,0.051171095503275935,0.04749412721612484
380,2.0,760.0,25.11302375793457,206.15424942970276,0.8961827416134918,0.033,0.028,0.049,0.043,0.074,0.078,0.04729108452760017,0.04339422188114436
381,2.0,762.0,27.255732774734497,194.1718544960022,0.8963185396318918,0.031,0.034,0.052,0.05,0.074,0.076,0.04557504378253704,0.0480684252525347
382,2.0,764.0,27.015146493911743,200.69287848472595,0.8970354856625001,0.032,0.036,0.047,0.05,0.075,0.078,0.045809555541011605,0.04911280848343793
383,2.0,766.0,29.849587440490723,201.59171295166016,0.8962124215040513,0.034,0.035,0.045,0.045,0.069,0.062,0.04523274983215372,0.04594697373686196
384,2.0,768.0,27.60924482345581,205.3415720462799,0.8968341496321269,0.038,0.036,0.053,0.043,0.079,0.074,0.05155370442002992,0.04701372951262589
385,2.0,770.0,32.06655812263489,215.92476296424866,0.8951216246161952,0.033,0.032,0.044,0.044,0.068,0.073,0.043812049993410186,0.04595174799057156
386,2.0,772.0,26.740609407424927,206.27079796791077,0.8964254432849228,0.035,0.032,0.046,0.04,0.076,0.074,0.047823935181118896,0.04457306269092079
387,2.0,774.0,31.8501980304718,217.18208241462708,0.895626792792695,0.042,0.033,0.054,0.045,0.08,0.075,0.05420723639895768,0.04611435575893967
388,2.0,776.0,31.735830783843994,217.22447180747986,0.894941701212063,0.038,0.034,0.053,0.053,0.078,0.075,0.05152548643671896,0.049107619195995614
389,2.0,778.0,29.52547287940979,218.42568469047546,0.8952762578996765,0.03,0.032,0.047,0.047,0.077,0.075,0.04571028781284107,0.04665967464899307
390,2.0,780.0,27.957761526107788,206.82202553749084,0.8950990186676208,0.037,0.031,0.049,0.044,0.077,0.071,0.04966307717636753,0.044637196468476144
391,2.0,782.0,25.879014253616333,213.77267599105835,0.8942183792909656,0.036,0.031,0.052,0.05,0.076,0.075,0.05037492479291886,0.04602793799689333
392,2.0,784.0,26.715616464614868,204.91902995109558,0.8958995950769548,0.033,0.035,0.051,0.047,0.073,0.073,0.04758029705961811,0.0481089701812417
393,2.0,786.0,28.176376581192017,206.21159839630127,0.8947116936510884,0.031,0.04,0.042,0.052,0.069,0.087,0.04303957526054903,0.053930968965776295
394,2.0,788.0,26.730411291122437,200.215229511261,0.8948356167113763,0.036,0.033,0.049,0.048,0.077,0.079,0.04939777721616947,0.046571406440715585
395,2.0,790.0,28.781610012054443,204.05934023857117,0.8952175078211826,0.034,0.03,0.054,0.048,0.082,0.079,0.04944297599268181,0.0457083594435878
396,2.0,792.0,27.727134466171265,204.23766446113586,0.8936085686187204,0.034,0.035,0.058,0.052,0.079,0.081,0.05093667018006154,0.051440897918876106
397,2.0,794.0,28.942821741104126,204.36283564567566,0.8952938017318937,0.046,0.032,0.057,0.048,0.08,0.084,0.0576083764630869,0.04766557953151214
398,2.0,796.0,28.406989574432373,205.03371167182922,0.8948149742634194,0.034,0.035,0.048,0.048,0.075,0.077,0.04752953147728934,0.049055041126978435
399,2.0,798.0,29.621227502822876,209.34842133522034,0.8942399627862428,0.038,0.034,0.053,0.055,0.073,0.078,0.050756649414582695,0.05026899693344204
